city,state
Demopolis,Alabama
Sylacauga,Alabama
Troy,Alabama
Dothan,Alabama
Prichard,Alabama
Scottsboro,Alabama
Guntersville,Alabama
Auburn,Alabama
Huntsville,Alabama
Chickasaw,Alabama
Tuscumbia,Alabama
Bessemer,Alabama
Eufaula,Alabama
Opelika,Alabama
Fort Payne,Alabama
Andalusia,Alabama
Decatur,Alabama
Mobile,Alabama
Enterprise,Alabama
Jasper,Alabama
Alexander City,Alabama
Marion,Alabama
Gadsden,Alabama
Cullman,Alabama
Tuscaloosa,Alabama
Athens,Alabama
Clanton,Alabama
Selma,Alabama
Birmingham,Alabama
Montgomery,Alabama
Ozark,Alabama
Atmore,Alabama
Tuskegee,Alabama
Anniston,Alabama
Phenix City,Alabama
Sheffield,Alabama
Florence,Alabama
Talladega,Alabama
Greenville,Alabama
Fairbanks,Alaska
Ketchikan,Alaska
Kotzebue,Alaska
Seward,Alaska
Cordova,Alaska
Sitka,Alaska
Palmer,Alaska
Juneau,Alaska
Skagway,Alaska
Homer,Alaska
Nome,Alaska
Kodiak,Alaska
Valdez,Alaska
Haines,Alaska
Anchorage,Alaska
Avondale,Arizona
Bisbee,Arizona
Ajo,Arizona
Window Rock,Arizona
Tempe,Arizona
Globe,Arizona
Mesa,Arizona
Flagstaff,Arizona
Oraibi,Arizona
Phoenix,Arizona
Tombstone,Arizona
Winslow,Arizona
Douglas,Arizona
Clifton,Arizona
Scottsdale,Arizona
Lake Havasu City,Arizona
Walpi,Arizona
Gila Bend,Arizona
Casa Grande,Arizona
Sierra Vista,Arizona
Yuma,Arizona
Tucson,Arizona
Nogales,Arizona
Chandler,Arizona
Kingman,Arizona
Glendale,Arizona
Prescott,Arizona
Florence,Arizona
Jacksonville,Arkansas
Little Rock,Arkansas
Helena,Arkansas
Hope,Arkansas
Van Buren,Arkansas
Magnolia,Arkansas
Batesville,Arkansas
Harrison,Arkansas
Crossett,Arkansas
Camden,Arkansas
Fort Smith,Arkansas
North Little Rock,Arkansas
Blytheville,Arkansas
Arkansas Post,Arkansas
Searcy,Arkansas
West Memphis,Arkansas
Jonesboro,Arkansas
Fayetteville,Arkansas
Conway,Arkansas
Rogers,Arkansas
Newport,Arkansas
Osceola,Arkansas
El Dorado,Arkansas
Morrilton,Arkansas
Forrest City,Arkansas
Pine Bluff,Arkansas
Stuttgart,Arkansas
Hot Springs,Arkansas
Benton,Arkansas
Arkadelphia,Arkansas
Modesto,California
Long Beach,California
Santa Ana,California
San Clemente,California
Sausalito,California
Antioch,California
Indio,California
Pacific Grove,California
Norwalk,California
Oceanside,California
Monterey,California
Visalia,California
San Diego,California
San Bernardino,California
San Juan Capistrano,California
Chula Vista,California
Calexico,California
El Cerrito,California
Stockton,California
Bakersfield,California
Palmdale,California
San Jose,California
Santa Clara,California
South San Francisco,California
Berkeley,California
Richmond,California
Petaluma,California
San Marino,California
Malibu,California
Livermore,California
Novato,California
Sunnyvale,California
Victorville,California
Beverly Hills,California
San Fernando,California
Fremont,California
Rancho Cucamonga,California
Torrance,California
Garden Grove,California
Hayward,California
El Centro,California
Huntington Beach,California
Yuba City,California
El Monte,California
Merced,California
San Leandro,California
Marysville,California
Palo Alto,California
Mountain View,California
San Luis Obispo,California
Ventura,California
Irvine,California
Newport Beach,California
Port Hueneme,California
Yorba Linda,California
Brea,California
Carlsbad,California
Redondo Beach,California
Santa Monica,California
Santa Cruz,California
Claremont,California
Vallejo,California
Ojai,California
Concord,California
Oroville,California
Glendale,California
Arcadia,California
Pasadena,California
Lancaster,California
Needles,California
Oakland,California
Buena Park,California
Ukiah,California
Corona,California
Palm Springs,California
Barstow,California
Sacramento,California
Daly City,California
Menlo Park,California
Simi Valley,California
Chico,California
Escondido,California
San Pedro,California
Ontario,California
San Mateo,California
Costa Mesa,California
Belmont,California
Thousand Oaks,California
Watts,California
Redding,California
Salinas,California
Red Bluff,California
Burbank,California
La Habra,California
Lodi,California
Santa Clarita,California
Turlock,California
West Covina,California
Alameda,California
Coronado,California
Whittier,California
Carmel,California
Redlands,California
Los Angeles,California
Fresno,California
San Simeon,California
Davis,California
Hollywood,California
Riverside,California
San Rafael,California
Susanville,California
Laguna Beach,California
Lompoc,California
Fairfield,California
Anaheim,California
Downey,California
Woodland,California
Orange,California
Alhambra,California
Santa Rosa,California
Compton,California
Inglewood,California
Oxnard,California
Fontana,California
San Francisco,California
Martinez,California
Redwood City,California
Napa,California
Roseville,California
Pomona,California
Eureka,California
Culver City,California
San Gabriel,California
Walnut Creek,California
Sonoma,California
Calistoga,California
Santa Barbara,California
Fullerton,California
Georgetown,Colorado
Steamboat Springs,Colorado
Trinidad,Colorado
Greeley,Colorado
Aspen,Colorado
Pueblo,Colorado
Vail,Colorado
Breckenridge,Colorado
Pagosa Springs,Colorado
Littleton,Colorado
La Junta,Colorado
Estes Park,Colorado
Fort Collins,Colorado
Fort Morgan,Colorado
Ouray,Colorado
Golden,Colorado
Gunnison,Colorado
Cripple Creek,Colorado
Aurora,Colorado
Brighton,Colorado
Central City,Colorado
Longmont,Colorado
Alamosa,Colorado
Cortez,Colorado
Grand Junction,Colorado
Telluride,Colorado
Sterling,Colorado
Silverton,Colorado
Durango,Colorado
Westminster,Colorado
Glenwood Springs,Colorado
Boulder,Colorado
Leadville,Colorado
Montrose,Colorado
Walsenburg,Colorado
Climax,Colorado
Colorado Springs,Colorado
Englewood,Colorado
Canon City,Colorado
Denver,Colorado
Loveland,Colorado
New Haven,Connecticut
Norwich,Connecticut
Windham,Connecticut
Willimantic,Connecticut
East Hartford,Connecticut
Waterbury,Connecticut
Danbury,Connecticut
Bristol,Connecticut
Litchfield,Connecticut
Naugatuck,Connecticut
Simsbury,Connecticut
Manchester,Connecticut
Shelton,Connecticut
Westport,Connecticut
Coventry,Connecticut
Norwalk,Connecticut
West Haven,Connecticut
Farmington,Connecticut
North Haven,Connecticut
Windsor,Connecticut
Fairfield,Connecticut
Winsted,Connecticut
Hartford,Connecticut
Mansfield,Connecticut
Milford,Connecticut
Southington,Connecticut
Orange,Connecticut
Watertown,Connecticut
Seymour,Connecticut
Enfield,Connecticut
Branford,Connecticut
Derby,Connecticut
New London,Connecticut
Wallingford,Connecticut
New Britain,Connecticut
Lebanon,Connecticut
Berlin,Connecticut
Groton,Connecticut
Middletown,Connecticut
Darien,Connecticut
Bridgeport,Connecticut
Waterford,Connecticut
East Haven,Connecticut
Stratford,Connecticut
Old Saybrook,Connecticut
Torrington,Connecticut
Wethersfield,Connecticut
Guilford,Connecticut
Hamden,Connecticut
Mystic,Connecticut
Meriden,Connecticut
Stamford,Connecticut
West Hartford,Connecticut
Windsor Locks,Connecticut
Bloomfield,Connecticut
Ansonia,Connecticut
Greenwich,Connecticut
Stonington,Connecticut
Lewes,Delaware
Dover,Delaware
Newark,Delaware
New Castle,Delaware
Milford,Delaware
Smyrna,Delaware
Wilmington,Delaware
Hallandale Beach,Florida
Jacksonville,Florida
Belle Glade,Florida
Cape Coral,Florida
Hialeah,Florida
Largo,Florida
Lake Wales,Florida
White Springs,Florida
Winter Haven,Florida
Cocoa-Rockledge,Florida
Clearwater,Florida
Pensacola,Florida
Saint Petersburg,Florida
New Smyrna Beach,Florida
Hollywood,Florida
Fort Pierce,Florida
Sanford,Florida
De Land,Florida
Deerfield Beach,Florida
Tampa,Florida
Daytona Beach,Florida
Panama City,Florida
Winter Park,Florida
West Palm Beach,Florida
Apalachicola,Florida
Palatka,Florida
Sebring,Florida
Orlando,Florida
Miami Beach,Florida
Lake City,Florida
Key West,Florida
Melbourne,Florida
Lakeland,Florida
Tallahassee,Florida
Gainesville,Florida
Sarasota,Florida
Titusville,Florida
Bradenton,Florida
Pompano Beach,Florida
Boca Raton,Florida
Delray Beach,Florida
Fernandina Beach,Florida
Venice,Florida
Coral Gables,Florida
Saint Augustine,Florida
Fort Walton Beach,Florida
Ocala,Florida
Palm Bay,Florida
Naples,Florida
Cocoa Beach,Florida
Bartow,Florida
Homestead,Florida
Ormond Beach,Florida
Miami,Florida
Fort Myers,Florida
Fort Lauderdale,Florida
Palm Beach,Florida
Tarpon Springs,Florida
Brunswick,Georgia
Carrollton,Georgia
Savannah,Georgia
Plains,Georgia
Augusta,Georgia
Washington,Georgia
Decatur,Georgia
Fort Valley,Georgia
Milledgeville,Georgia
Toccoa,Georgia
Valdosta,Georgia
Columbus,Georgia
Douglas,Georgia
Atlanta,Georgia
Dahlonega,Georgia
Andersonville,Georgia
Blairsville,Georgia
East Point,Georgia
Calhoun,Georgia
Rome,Georgia
Gainesville,Georgia
Marietta,Georgia
Darien,Georgia
Warner Robins,Georgia
Athens,Georgia
Americus,Georgia
Dalton,Georgia
Bainbridge,Georgia
Macon,Georgia
Waycross,Georgia
La Grange,Georgia
Warm Springs,Georgia
Albany,Georgia
Fitzgerald,Georgia
Honaunau,Hawaii
Laie,Hawaii
Lahaina,Hawaii
Waimea,Hawaii
Kapaa,Hawaii
Hanalei,Hawaii
Wahiawa,Hawaii
Honolulu,Hawaii
Wailuku,Hawaii
Kahului,Hawaii
Hilo,Hawaii
Kaneohe,Hawaii
Kawaihae,Hawaii
Rexburg,Idaho
Bonners Ferry,Idaho
Boise,Idaho
Idaho City,Idaho
Nampa,Idaho
Coeur d鈥橝lene,Idaho
Pocatello,Idaho
Twin Falls,Idaho
Caldwell,Idaho
Blackfoot,Idaho
Idaho Falls,Idaho
Moscow,Idaho
Lewiston,Idaho
Sun Valley,Idaho
Kellogg,Idaho
Priest River,Idaho
Jacksonville,Illinois
Glenview,Illinois
Mattoon,Illinois
Elgin,Illinois
Pontiac,Illinois
Belvidere,Illinois
Chicago Heights,Illinois
Mount Vernon,Illinois
East Saint Louis,Illinois
Lisle,Illinois
Charleston,Illinois
Calumet City,Illinois
Galesburg,Illinois
Kankakee,Illinois
Peoria,Illinois
Urbana,Illinois
Herrin,Illinois
Belleville,Illinois
River Forest,Illinois
Evanston,Illinois
Monmouth,Illinois
Rock Island,Illinois
Palatine,Illinois
Harrisburg,Illinois
Arlington Heights,Illinois
Bloomington,Illinois
Chicago,Illinois
Centralia,Illinois
Danville,Illinois
Cairo,Illinois
Rantoul,Illinois
Macomb,Illinois
Petersburg,Illinois
Normal,Illinois
Champaign,Illinois
Brookfield,Illinois
Streator,Illinois
Cahokia,Illinois
Park Forest,Illinois
East Moline,Illinois
Carthage,Illinois
Vandalia,Illinois
Freeport,Illinois
Kewanee,Illinois
Highland Park,Illinois
Glen Ellyn,Illinois
Summit,Illinois
Waukegan,Illinois
Pekin,Illinois
Salem,Illinois
La Salle,Illinois
Canton,Illinois
Virden,Illinois
Oak Park,Illinois
Lombard,Illinois
Wheaton,Illinois
Rockford,Illinois
Elmhurst,Illinois
Moline,Illinois
Des Plaines,Illinois
Decatur,Illinois
Alton,Illinois
Winnetka,Illinois
North Chicago,Illinois
Mundelein,Illinois
South Holland,Illinois
Dixon,Illinois
Arthur,Illinois
Kaskaskia,Illinois
Chester,Illinois
Oregon,Illinois
Carlinville,Illinois
Ottawa,Illinois
Lake Forest,Illinois
Collinsville,Illinois
Joliet,Illinois
Naperville,Illinois
Carbondale,Illinois
Wilmette,Illinois
Zion,Illinois
DeKalb,Illinois
Park Ridge,Illinois
Galena,Illinois
Aurora,Illinois
Nauvoo,Illinois
Springfield,Illinois
Wood River,Illinois
Libertyville,Illinois
Shawneetown,Illinois
Cicero,Illinois
Quincy,Illinois
Lincoln,Illinois
Skokie,Illinois
Effingham,Illinois
Granite City,Illinois
Lafayette,Indiana
Connersville,Indiana
Bloomington,Indiana
Corydon,Indiana
Nappanee,Indiana
Shelbyville,Indiana
Bedford,Indiana
Jeffersonville,Indiana
Greenfield,Indiana
Huntington,Indiana
Plymouth,Indiana
Hammond,Indiana
New Albany,Indiana
French Lick,Indiana
South Bend,Indiana
Columbus,Indiana
Geneva,Indiana
Nashville,Indiana
New Harmony,Indiana
Marion,Indiana
East Chicago,Indiana
Hobart,Indiana
Evansville,Indiana
Santa Claus,Indiana
New Castle,Indiana
Fort Wayne,Indiana
Elkhart,Indiana
Muncie,Indiana
Peru,Indiana
Valparaiso,Indiana
Indianapolis,Indiana
Wabash,Indiana
Anderson,Indiana
West Lafayette,Indiana
Madison,Indiana
Elwood,Indiana
Gary,Indiana
Crawfordsville,Indiana
Richmond,Indiana
Mishawaka,Indiana
Vincennes,Indiana
Kokomo,Indiana
Michigan City,Indiana
Goshen,Indiana
Terre Haute,Indiana
Cedar Rapids,Iowa
Grinnell,Iowa
Clinton,Iowa
Des Moines,Iowa
Cedar Falls,Iowa
Dubuque,Iowa
Oskaloosa,Iowa
Fairfield,Iowa
Mason City,Iowa
Davenport,Iowa
Council Bluffs,Iowa
Sioux City,Iowa
Ottumwa,Iowa
Indianola,Iowa
Estherville,Iowa
Mount Pleasant,Iowa
Waterloo,Iowa
Webster City,Iowa
Iowa City,Iowa
Newton,Iowa
Burlington,Iowa
Charles City,Iowa
Fort Dodge,Iowa
Keokuk,Iowa
Cherokee,Iowa
Amana Colonies,Iowa
West Des Moines,Iowa
Muscatine,Iowa
Ames,Iowa
Boone,Iowa
Overland Park,Kansas
Hutchinson,Kansas
Ottawa,Kansas
Abilene,Kansas
Coffeyville,Kansas
Wichita,Kansas
Topeka,Kansas
Atchison,Kansas
Dodge City,Kansas
Great Bend,Kansas
Olathe,Kansas
Junction City,Kansas
Emporia,Kansas
Medicine Lodge,Kansas
Shawnee,Kansas
McPherson,Kansas
Salina,Kansas
Manhattan,Kansas
Fort Scott,Kansas
Pittsburg,Kansas
Garden City,Kansas
Leavenworth,Kansas
Osawatomie,Kansas
Newton,Kansas
Chanute,Kansas
Smith Center,Kansas
Liberal,Kansas
Lawrence,Kansas
Arkansas City,Kansas
Hays,Kansas
Council Grove,Kansas
Kansas City,Kansas
Independence,Kansas
Elizabethtown,Kentucky
Hazard,Kentucky
Hopkinsville,Kentucky
Danville,Kentucky
Bowling Green,Kentucky
Harlan,Kentucky
Barbourville,Kentucky
Hodgenville,Kentucky
Boonesborough,Kentucky
Owensboro,Kentucky
Lexington,Kentucky
Maysville,Kentucky
Bardstown,Kentucky
Paris,Kentucky
Newport,Kentucky
Ashland,Kentucky
Berea,Kentucky
Mayfield,Kentucky
Henderson,Kentucky
Campbellsville,Kentucky
Richmond,Kentucky
Frankfort,Kentucky
Louisville,Kentucky
Covington,Kentucky
Harrodsburg,Kentucky
Middlesboro,Kentucky
Paducah,Kentucky
Lafayette,Louisiana
Lake Charles,Louisiana
Gretna,Louisiana
Opelousas,Louisiana
Thibodaux,Louisiana
Monroe,Louisiana
Ruston,Louisiana
Bogalusa,Louisiana
New Iberia,Louisiana
New Orleans,Louisiana
Baton Rouge,Louisiana
Houma,Louisiana
Saint Martinville,Louisiana
Alexandria,Louisiana
Morgan City,Louisiana
Bossier City,Louisiana
Bastrop,Louisiana
Natchitoches,Louisiana
Shreveport,Louisiana
Abbeville,Louisiana
Brunswick,Maine
Calais,Maine
York,Maine
Portland,Maine
Auburn,Maine
Fort Kent,Maine
Bangor,Maine
Lewiston,Maine
Farmington,Maine
Augusta,Maine
Saco,Maine
Presque Isle,Maine
Rumford,Maine
Waterville,Maine
Gardiner,Maine
Rockland,Maine
Boothbay Harbor,Maine
Lubec,Maine
Biddeford,Maine
Bath,Maine
Caribou,Maine
Ellsworth,Maine
Eastport,Maine
Kennebunkport,Maine
Kittery,Maine
Belfast,Maine
Orono,Maine
Scarborough,Maine
Bar Harbor,Maine
Castine,Maine
Houlton,Maine
Machias,Maine
Oakland,Maryland
Bowie,Maryland
Aberdeen,Maryland
Catonsville,Maryland
Baltimore,Maryland
College Park,Maryland
Hyattsville,Maryland
Saint Marys City,Maryland
Salisbury,Maryland
Greenbelt,Maryland
Cambridge,Maryland
Frederick,Maryland
Annapolis,Maryland
Hagerstown,Maryland
Columbia,Maryland
Cumberland,Maryland
Emmitsburg,Maryland
Elkton,Maryland
Silver Spring,Maryland
Westminster,Maryland
Laurel,Maryland
Towson,Maryland
Ocean City,Maryland
Easton,Maryland
Rockville,Maryland
Takoma Park,Maryland
Bethesda-Chevy Chase,Maryland
Tewksbury,Massachusetts
Bedford,Massachusetts
West Bridgewater,Massachusetts
South Hadley,Massachusetts
Sturbridge,Massachusetts
Lynn,Massachusetts
Brookline,Massachusetts
Provincetown,Massachusetts
Athol,Massachusetts
Fairhaven,Massachusetts
Great Barrington,Massachusetts
Dedham,Massachusetts
Malden,Massachusetts
Watertown,Massachusetts
Amesbury,Massachusetts
Lenox,Massachusetts
Cohasset,Massachusetts
Revere,Massachusetts
Weymouth,Massachusetts
Chelsea,Massachusetts
Natick,Massachusetts
Hyannis,Massachusetts
Everett,Massachusetts
Stockbridge,Massachusetts
Chicopee,Massachusetts
Barnstable,Massachusetts
Ipswich,Massachusetts
Greenfield,Massachusetts
Adams,Massachusetts
Northampton,Massachusetts
Randolph,Massachusetts
Lexington,Massachusetts
Pittsfield,Massachusetts
New Bedford,Massachusetts
Woburn,Massachusetts
Brockton,Massachusetts
Somerville,Massachusetts
Duxbury,Massachusetts
Lawrence,Massachusetts
Gloucester,Massachusetts
Salem,Massachusetts
Concord,Massachusetts
Truro,Massachusetts
Canton,Massachusetts
Falmouth,Massachusetts
Edgartown,Massachusetts
Fitchburg,Massachusetts
Norton,Massachusetts
Clinton,Massachusetts
Wellfleet,Massachusetts
Williamstown,Massachusetts
Boston,Massachusetts
Westfield,Massachusetts
Worcester,Massachusetts
Sandwich,Massachusetts
Leominster,Massachusetts
Newburyport,Massachusetts
Haverhill,Massachusetts
Braintree,Massachusetts
Webster,Massachusetts
Milton,Massachusetts
Andover,Massachusetts
Danvers,Massachusetts
Hingham,Massachusetts
Groton,Massachusetts
Stoughton,Massachusetts
Dartmouth,Massachusetts
North Adams,Massachusetts
Holyoke,Massachusetts
Norwood,Massachusetts
Amherst,Massachusetts
West Springfield,Massachusetts
Framingham,Massachusetts
Wellesley,Massachusetts
Harwich,Massachusetts
Saugus,Massachusetts
Beverly,Massachusetts
Woods Hole,Massachusetts
Chelmsford,Massachusetts
Sudbury,Massachusetts
Abington,Massachusetts
Whitman,Massachusetts
Plymouth,Massachusetts
Cambridge,Massachusetts
Peabody,Massachusetts
Fall River,Massachusetts
Eastham,Massachusetts
Marlborough,Massachusetts
Lowell,Massachusetts
Springfield,Massachusetts
Nahant,Massachusetts
Marblehead,Massachusetts
Newton,Massachusetts
Quincy,Massachusetts
Taunton,Massachusetts
Arlington,Massachusetts
Attleboro,Massachusetts
Charlestown,Massachusetts
Ludlow,Massachusetts
Dennis,Massachusetts
Medford,Massachusetts
Bourne,Massachusetts
Battle Creek,Michigan
Interlochen,Michigan
Muskegon,Michigan
Manistee,Michigan
Ishpeming,Michigan
Port Huron,Michigan
Saginaw,Michigan
Monroe,Michigan
Niles,Michigan
Ypsilanti,Michigan
Pontiac,Michigan
Grand Haven,Michigan
Petoskey,Michigan
Holland,Michigan
Ann Arbor,Michigan
Charlevoix,Michigan
Dearborn,Michigan
Saint Joseph,Michigan
Escanaba,Michigan
Eastpointe,Michigan
Mackinaw City,Michigan
Royal Oak,Michigan
Sault Sainte Marie,Michigan
Jackson,Michigan
Cheboygan,Michigan
Ecorse,Michigan
Grayling,Michigan
Livonia,Michigan
Flint,Michigan
Houghton,Michigan
Marquette,Michigan
Cadillac,Michigan
Saint Ignace,Michigan
East Lansing,Michigan
Ironwood,Michigan
Mount Pleasant,Michigan
Adrian,Michigan
Traverse City,Michigan
Alma,Michigan
Grosse Pointe,Michigan
Benton Harbor,Michigan
Ludington,Michigan
Kalamazoo,Michigan
Grand Rapids,Michigan
Menominee,Michigan
Highland Park,Michigan
Hancock,Michigan
Mount Clemens,Michigan
Detroit,Michigan
Iron Mountain,Michigan
Bay City,Michigan
Bloomfield Hills,Michigan
Lansing,Michigan
Warren,Michigan
Midland,Michigan
Trenton,Michigan
Wyandotte,Michigan
Bloomington,Minnesota
International Falls,Minnesota
Ely,Minnesota
Fergus Falls,Minnesota
Sauk Centre,Minnesota
Moorhead,Minnesota
Saint Cloud,Minnesota
Albert Lea,Minnesota
Willmar,Minnesota
Northfield,Minnesota
Owatonna,Minnesota
South Saint Paul,Minnesota
Hibbing,Minnesota
Little Falls,Minnesota
Austin,Minnesota
Duluth,Minnesota
Eveleth,Minnesota
Faribault,Minnesota
Stillwater,Minnesota
Winona,Minnesota
Alexandria,Minnesota
New Ulm,Minnesota
Minneapolis,Minnesota
Virginia,Minnesota
Red Wing,Minnesota
Pipestone,Minnesota
Rochester,Minnesota
Crookston,Minnesota
Mankato,Minnesota
Bemidji,Minnesota
Saint Paul,Minnesota
Brainerd,Minnesota
Hastings,Minnesota
Clarksdale,Mississippi
Grenada,Mississippi
Pass Christian,Mississippi
Corinth,Mississippi
Biloxi,Mississippi
Gulfport,Mississippi
Natchez,Mississippi
Jackson,Mississippi
Tupelo,Mississippi
Columbia,Mississippi
Columbus,Mississippi
Pascagoula,Mississippi
Yazoo City,Mississippi
Meridian,Mississippi
Bay Saint Louis,Mississippi
Holly Springs,Mississippi
Ocean Springs,Mississippi
Starkville,Mississippi
Vicksburg,Mississippi
Philadelphia,Mississippi
Laurel,Mississippi
Greenwood,Mississippi
Canton,Mississippi
West Point,Mississippi
Port Gibson,Mississippi
Hattiesburg,Mississippi
Oxford,Mississippi
Greenville,Mississippi
Neosho,Missouri
Excelsior Springs,Missouri
Saint Louis,Missouri
Mexico,Missouri
Florissant,Missouri
West Plains,Missouri
Ferguson,Missouri
Lexington,Missouri
Saint Joseph,Missouri
Cape Girardeau,Missouri
Boonville,Missouri
Clayton,Missouri
Columbia,Missouri
Warrensburg,Missouri
Sedalia,Missouri
Hannibal,Missouri
New Madrid,Missouri
Springfield,Missouri
Sainte Genevieve,Missouri
Monett,Missouri
Carthage,Missouri
Lebanon,Missouri
Saint Charles,Missouri
Chillicothe,Missouri
Kirksville,Missouri
Joplin,Missouri
Fulton,Missouri
Rolla,Missouri
Branson,Missouri
Salem,Missouri
Jefferson City,Missouri
Maryville,Missouri
Kansas City,Missouri
Lamar,Missouri
Independence,Missouri
Butte,Montana
Dillon,Montana
Bozeman,Montana
Missoula,Montana
Fort Benton,Montana
Glendive,Montana
Miles City,Montana
Helena,Montana
Havre,Montana
Kalispell,Montana
Virginia City,Montana
Billings,Montana
Lewistown,Montana
Anaconda,Montana
Great Falls,Montana
Livingston,Montana
Kearney,Nebraska
Chadron,Nebraska
Fremont,Nebraska
Grand Island,Nebraska
McCook,Nebraska
Beatrice,Nebraska
Columbus,Nebraska
Minden,Nebraska
Nebraska City,Nebraska
Omaha,Nebraska
Bellevue,Nebraska
Norfolk,Nebraska
North Platte,Nebraska
Red Cloud,Nebraska
Lincoln,Nebraska
Boys Town,Nebraska
Plattsmouth,Nebraska
Sidney,Nebraska
Hastings,Nebraska
Reno,Nevada
Henderson,Nevada
Boulder City,Nevada
Genoa,Nevada
Ely,Nevada
North Las Vegas,Nevada
Carson City,Nevada
Goldfield,Nevada
Virginia City,Nevada
Winnemucca,Nevada
Las Vegas,Nevada
Sparks,Nevada
Elko,Nevada
Fallon,Nevada
Exeter,New Hampshire
Hanover,New Hampshire
Keene,New Hampshire
Portsmouth,New Hampshire
Manchester,New Hampshire
Peterborough,New Hampshire
Franklin,New Hampshire
Plymouth,New Hampshire
Laconia,New Hampshire
Dover,New Hampshire
Lebanon,New Hampshire
Berlin,New Hampshire
Rochester,New Hampshire
Claremont,New Hampshire
Durham,New Hampshire
Salem,New Hampshire
Concord,New Hampshire
Derry,New Hampshire
Hillsborough,New Hampshire
Nashua,New Hampshire
Somersworth,New Hampshire
Cranford,New Jersey
Bloomfield,New Jersey
Haddonfield,New Jersey
Weehawken,New Jersey
Newark,New Jersey
Caldwell,New Jersey
Long Beach,New Jersey
New Brunswick,New Jersey
Bridgeton,New Jersey
East Orange,New Jersey
Roselle,New Jersey
West New York,New Jersey
Atlantic City,New Jersey
Union,New Jersey
Millville,New Jersey
Hackensack,New Jersey
Millburn,New Jersey
Vineland,New Jersey
Willingboro,New Jersey
Camden,New Jersey
Irvington,New Jersey
Menlo Park,New Jersey
Glassboro,New Jersey
Orange,New Jersey
Passaic,New Jersey
Clifton,New Jersey
Union City,New Jersey
Bound Brook,New Jersey
Hoboken,New Jersey
Montclair,New Jersey
Cape May,New Jersey
Parsippany鈥揟roy Hills,New Jersey
Somerville,New Jersey
Totowa,New Jersey
Woodbridge,New Jersey
West Orange,New Jersey
Plainfield,New Jersey
Elizabeth,New Jersey
Edison,New Jersey
Madison,New Jersey
Morristown,New Jersey
Perth Amboy,New Jersey
Burlington,New Jersey
Jersey City,New Jersey
Lakewood,New Jersey
New Milford,New Jersey
Long Branch,New Jersey
Salem,New Jersey
Princeton,New Jersey
Wayne,New Jersey
Ridgewood,New Jersey
Bordentown,New Jersey
Lakehurst,New Jersey
Ocean City,New Jersey
Paterson,New Jersey
Fort Lee,New Jersey
Rutherford,New Jersey
Bayonne,New Jersey
Englewood,New Jersey
South Orange Village,New Jersey
Trenton,New Jersey
Mount Holly,New Jersey
Asbury Park,New Jersey
Clovis,New Mexico
Las Vegas,New Mexico
Artesia,New Mexico
Roswell,New Mexico
Acoma,New Mexico
Deming,New Mexico
Farmington,New Mexico
Taos,New Mexico
Hobbs,New Mexico
Grants,New Mexico
Silver City,New Mexico
Lovington,New Mexico
Albuquerque,New Mexico
Gallup,New Mexico
Truth or Consequences,New Mexico
Las Cruces,New Mexico
Portales,New Mexico
Raton,New Mexico
Alamogordo,New Mexico
Belen,New Mexico
Los Alamos,New Mexico
Shiprock,New Mexico
Socorro,New Mexico
Santa Fe,New Mexico
Tucumcari,New Mexico
Carlsbad,New Mexico
Bedford,New York
North Hempstead,New York
Huntington,New York
Massena,New York
Kingston,New York
Mount Vernon,New York
New York City,New York
Tonawanda,New York
Ogdensburg,New York
Mineola,New York
Peekskill,New York
Watertown,New York
Cortland,New York
Brooklyn,New York
Palmyra,New York
Watkins Glen,New York
Stony Point,New York
Cheektowaga,New York
Crown Point,New York
Saratoga Springs,New York
Poughkeepsie,New York
Stony Brook,New York
Tarrytown,New York
Woodstock,New York
Rotterdam,New York
Dunkirk,New York
Potsdam,New York
Corning,New York
Southampton,New York
Harlem,New York
Fredonia,New York
Babylon,New York
Rome,New York
Middletown,New York
East Aurora,New York
Forest Hills,New York
Oswego,New York
Beacon,New York
Yonkers,New York
Ticonderoga,New York
Oneida,New York
Queens,New York
Buffalo,New York
Batavia,New York
Ithaca,New York
Troy,New York
Clinton,New York
Mamaroneck,New York
Amsterdam,New York
Seneca Falls,New York
Hammondsport,New York
Hudson,New York
New Windsor,New York
Olean,New York
Syracuse,New York
Ilion,New York
Herkimer,New York
Eastchester,New York
Garden City,New York
New Rochelle,New York
New Paltz,New York
Elmira,New York
Niagara Falls,New York
Bronx,New York
Utica,New York
Oneonta,New York
White Plains,New York
East Hampton,New York
Schenectady,New York
Lockport,New York
Albany,New York
Levittown,New York
Cohoes,New York
West Seneca,New York
Nyack,New York
Port Washington,New York
Auburn,New York
Ossining,New York
Hempstead,New York
Saranac Lake,New York
Glens Falls,New York
Johnstown,New York
Rye,New York
Sag Harbor,New York
Geneva,New York
Chautauqua,New York
Staten Island,New York
Oyster Bay,New York
Manhattan,New York
Newburgh,New York
Watervliet,New York
Plattsburgh,New York
Scarsdale,New York
Hyde Park,New York
Coney Island,New York
Jamestown,New York
Rochester,New York
Gloversville,New York
Cooperstown,New York
Flushing,New York
Binghamton,New York
Great Neck,New York
Lackawanna,New York
Rensselaer,New York
Lake Placid,New York
Jacksonville,North Carolina
Morganton,North Carolina
New Bern,North Carolina
Rocky Mount,North Carolina
Edenton,North Carolina
High Point,North Carolina
Salisbury,North Carolina
Nags Head,North Carolina
Washington,North Carolina
Gastonia,North Carolina
Kinston,North Carolina
Elizabeth City,North Carolina
Wilmington,North Carolina
Asheboro,North Carolina
Morehead City,North Carolina
Halifax,North Carolina
Fayetteville,North Carolina
Pinehurst,North Carolina
Chapel Hill,North Carolina
Bath,North Carolina
Charlotte,North Carolina
Beaufort,North Carolina
Wilson,North Carolina
Greensboro,North Carolina
Burlington,North Carolina
Goldsboro,North Carolina
Durham,North Carolina
Henderson,North Carolina
Hickory,North Carolina
Raleigh,North Carolina
Concord,North Carolina
Winston-Salem,North Carolina
Asheville,North Carolina
Lumberton,North Carolina
Kitty Hawk,North Carolina
Hillsborough,North Carolina
Boone,North Carolina
Greenville,North Carolina
Shelby,North Carolina
Jamestown,North Dakota
Mandan,North Dakota
Devils Lake,North Dakota
Bismarck,North Dakota
Minot,North Dakota
Valley City,North Dakota
Rugby,North Dakota
Williston,North Dakota
Fargo,North Dakota
Wahpeton,North Dakota
Grand Forks,North Dakota
Dickinson,North Dakota
Milan,Ohio
Newark,Ohio
Oberlin,Ohio
Bedford,Ohio
Bowling Green,Ohio
Niles,Ohio
Worthington,Ohio
Tiffin,Ohio
Kent,Ohio
Euclid,Ohio
Portsmouth,Ohio
Norwalk,Ohio
Cleveland,Ohio
Ashtabula,Ohio
Alliance,Ohio
Kettering,Ohio
Martins Ferry,Ohio
Zanesville,Ohio
Dayton,Ohio
Lorain,Ohio
Lancaster,Ohio
Bellefontaine,Ohio
Mount Vernon,Ohio
Piqua,Ohio
Sandusky,Ohio
Wooster,Ohio
Shaker Heights,Ohio
Mansfield,Ohio
Mentor,Ohio
Elyria,Ohio
Painesville,Ohio
Columbus,Ohio
East Liverpool,Ohio
Lima,Ohio
Conneaut,Ohio
Yellow Springs,Ohio
Cincinnati,Ohio
Marion,Ohio
Springfield,Ohio
Put-in-Bay,Ohio
Marietta,Ohio
Middletown,Ohio
Urbana,Ohio
Chillicothe,Ohio
Toledo,Ohio
Athens,Ohio
Youngstown,Ohio
Delaware,Ohio
North College Hill,Ohio
Cuyahoga Falls,Ohio
Lakewood,Ohio
Defiance,Ohio
Steubenville,Ohio
Gallipolis,Ohio
Barberton,Ohio
Hamilton,Ohio
Parma,Ohio
Salem,Ohio
Warren,Ohio
Canton,Ohio
Massillon,Ohio
Akron,Ohio
New Philadelphia,Ohio
East Cleveland,Ohio
Xenia,Ohio
Greenville,Ohio
Findlay,Ohio
Cleveland Heights,Ohio
Hugo,Oklahoma
Edmond,Oklahoma
Clinton,Oklahoma
Duncan,Oklahoma
Elk City,Oklahoma
Guthrie,Oklahoma
Midwest City,Oklahoma
Wewoka,Oklahoma
Guymon,Oklahoma
Moore,Oklahoma
Claremore,Oklahoma
Perry,Oklahoma
Sand Springs,Oklahoma
Eufaula,Oklahoma
Sapulpa,Oklahoma
Frederick,Oklahoma
Muskogee,Oklahoma
Holdenville,Oklahoma
Alva,Oklahoma
Pawhuska,Oklahoma
Enid,Oklahoma
Anadarko,Oklahoma
Pauls Valley,Oklahoma
Pryor,Oklahoma
Cushing,Oklahoma
Shawnee,Oklahoma
Bethany,Oklahoma
Stillwater,Oklahoma
Hobart,Oklahoma
Altus,Oklahoma
Norman,Oklahoma
Okmulgee,Oklahoma
Tulsa,Oklahoma
Ada,Oklahoma
Vinita,Oklahoma
Woodward,Oklahoma
Oklahoma City,Oklahoma
Ardmore,Oklahoma
Sallisaw,Oklahoma
Tahlequah,Oklahoma
The Village,Oklahoma
Chickasha,Oklahoma
Lawton,Oklahoma
Ponca City,Oklahoma
Durant,Oklahoma
McAlester,Oklahoma
Miami,Oklahoma
Seminole,Oklahoma
Bartlesville,Oklahoma
El Reno,Oklahoma
Jacksonville,Oregon
Brookings,Oregon
Burns,Oregon
Coos Bay,Oregon
Grants Pass,Oregon
Portland,Oregon
Lakeview,Oregon
Newberg,Oregon
John Day,Oregon
Klamath Falls,Oregon
Seaside,Oregon
Roseburg,Oregon
Ontario,Oregon
Prineville,Oregon
Eugene,Oregon
Reedsport,Oregon
Port Orford,Oregon
Hood River,Oregon
Redmond,Oregon
Beaverton,Oregon
Springfield,Oregon
Pendleton,Oregon
Newport,Oregon
Oregon City,Oregon
Corvallis,Oregon
Ashland,Oregon
McMinnville,Oregon
La Grande,Oregon
Astoria,Oregon
Hillsboro,Oregon
Tillamook,Oregon
Baker City,Oregon
Salem,Oregon
Bend,Oregon
The Dalles,Oregon
Albany,Oregon
Medford,Oregon
Lake Oswego,Oregon
Harrisburg,Pennsylvania
Bedford,Pennsylvania
Hanover,Pennsylvania
Pottstown,Pennsylvania
Meadville,Pennsylvania
Stroudsburg,Pennsylvania
York,Pennsylvania
Abington,Pennsylvania
Allentown,Pennsylvania
Wilkes-Barre,Pennsylvania
Sharon,Pennsylvania
Jeannette,Pennsylvania
Ambridge,Pennsylvania
Franklin,Pennsylvania
Chambersburg,Pennsylvania
Carbondale,Pennsylvania
Nanticoke,Pennsylvania
Oil City,Pennsylvania
Johnstown,Pennsylvania
Washington,Pennsylvania
Jim Thorpe,Pennsylvania
West Chester,Pennsylvania
State College,Pennsylvania
Columbia,Pennsylvania
McKeesport,Pennsylvania
Lock Haven,Pennsylvania
Pittsburgh,Pennsylvania
Bloomsburg,Pennsylvania
Shamokin,Pennsylvania
Reading,Pennsylvania
Uniontown,Pennsylvania
Williamsport,Pennsylvania
Norristown,Pennsylvania
Lebanon,Pennsylvania
Altoona,Pennsylvania
Carlisle,Pennsylvania
Middletown,Pennsylvania
New Castle,Pennsylvania
Pottsville,Pennsylvania
Titusville,Pennsylvania
Honesdale,Pennsylvania
Phoenixville,Pennsylvania
Hershey,Pennsylvania
Lewistown,Pennsylvania
Philadelphia,Pennsylvania
New Hope,Pennsylvania
New Kensington,Pennsylvania
Sunbury,Pennsylvania
Germantown,Pennsylvania
Aliquippa,Pennsylvania
Harmony,Pennsylvania
Scranton,Pennsylvania
Erie,Pennsylvania
Hazleton,Pennsylvania
Gettysburg,Pennsylvania
Swarthmore,Pennsylvania
Warren,Pennsylvania
Greensburg,Pennsylvania
Bethlehem,Pennsylvania
Easton,Pennsylvania
Homestead,Pennsylvania
Indiana,Pennsylvania
Tamaqua,Pennsylvania
Lower Southampton,Pennsylvania
Monroeville,Pennsylvania
Bristol,Pennsylvania
Levittown,Pennsylvania
Chester,Pennsylvania
Lancaster,Pennsylvania
Bradford,Pennsylvania
Tiverton,Rhode Island
Barrington,Rhode Island
North Kingstown,Rhode Island
Portsmouth,Rhode Island
Wickford,Rhode Island
Narragansett,Rhode Island
Woonsocket,Rhode Island
East Greenwich,Rhode Island
Kingston,Rhode Island
Cranston,Rhode Island
East Providence,Rhode Island
Providence,Rhode Island
Pawtucket,Rhode Island
Newport,Rhode Island
Middletown,Rhode Island
Westerly,Rhode Island
Central Falls,Rhode Island
Warren,Rhode Island
South Kingstown,Rhode Island
Bristol,Rhode Island
Warwick,Rhode Island
Georgetown,South Carolina
Myrtle Beach,South Carolina
Union,South Carolina
Camden,South Carolina
Lancaster,South Carolina
Orangeburg,South Carolina
Columbia,South Carolina
Hartsville,South Carolina
Charleston,South Carolina
Mount Pleasant,South Carolina
Gaffney,South Carolina
Beaufort,South Carolina
Sumter,South Carolina
Anderson,South Carolina
Spartanburg,South Carolina
Greenwood,South Carolina
Rock Hill,South Carolina
Darlington,South Carolina
Florence,South Carolina
Aiken,South Carolina
Abbeville,South Carolina
Greenville,South Carolina
Sturgis,South Dakota
Belle Fourche,South Dakota
Brookings,South Dakota
Aberdeen,South Dakota
Mobridge,South Dakota
Lead,South Dakota
Pierre,South Dakota
De Smet,South Dakota
Sioux Falls,South Dakota
Vermillion,South Dakota
Watertown,South Dakota
Huron,South Dakota
Deadwood,South Dakota
Milbank,South Dakota
Yankton,South Dakota
Custer,South Dakota
Madison,South Dakota
Spearfish,South Dakota
Canton,South Dakota
Mitchell,South Dakota
Hot Springs,South Dakota
Rapid City,South Dakota
Johnson City,Tennessee
Shelbyville,Tennessee
Memphis,Tennessee
Chattanooga,Tennessee
Norris,Tennessee
Franklin,Tennessee
Cleveland,Tennessee
Gallatin,Tennessee
Jonesborough,Tennessee
Dayton,Tennessee
Jackson,Tennessee
Cookeville,Tennessee
Alcoa,Tennessee
Columbia,Tennessee
Gatlinburg,Tennessee
Kingsport,Tennessee
Nashville,Tennessee
Clarksville,Tennessee
Lebanon,Tennessee
Tullahoma,Tennessee
Greeneville,Tennessee
Oak Ridge,Tennessee
Knoxville,Tennessee
Athens,Tennessee
Murfreesboro,Tennessee
Morristown,Tennessee
Maryville,Tennessee
Elizabethton,Tennessee
Houston,Texas
Johnson City,Texas
Temple,Texas
El Paso,Texas
Killeen,Texas
Crystal City,Texas
Garland,Texas
Canyon,Texas
Nacogdoches,Texas
Baytown,Texas
Bryan,Texas
Brownsville,Texas
Denton,Texas
Mission,Texas
Cleburne,Texas
Plainview,Texas
Dallas,Texas
San Felipe,Texas
Longview,Texas
Waco,Texas
Wichita Falls,Texas
Alpine,Texas
Corpus Christi,Texas
New Braunfels,Texas
Sweetwater,Texas
Beaumont,Texas
Port Arthur,Texas
Texarkana,Texas
Freeport,Texas
Pecos,Texas
Ysleta,Texas
Denison,Texas
Pasadena,Texas
Victoria,Texas
Greenville,Texas
Goliad,Texas
Borger,Texas
Uvalde,Texas
Kilgore,Texas
McKinney,Texas
Pharr,Texas
Texas City,Texas
Eagle Pass,Texas
San Marcos,Texas
Sherman,Texas
Mesquite,Texas
Irving,Texas
Marshall,Texas
Austin,Texas
Paris,Texas
San Antonio,Texas
Laredo,Texas
Big Spring,Texas
Richardson,Texas
Tyler,Texas
College Station,Texas
Fort Worth,Texas
Edinburg,Texas
Abilene,Texas
Amarillo,Texas
Harlingen,Texas
Odessa,Texas
Weatherford,Texas
Huntsville,Texas
Plano,Texas
Lubbock,Texas
San Angelo,Texas
Orange,Texas
Galveston,Texas
Port Lavaca,Texas
Kingsville,Texas
McAllen,Texas
Del Rio,Texas
Pampa,Texas
Arlington,Texas
Midland,Texas
Lufkin,Texas
Payson,Utah
Murray,Utah
Spanish Fork,Utah
Park City,Utah
Logan,Utah
Springville,Utah
Green River,Utah
Layton,Utah
Moab,Utah
American Fork,Utah
Orderville,Utah
Tooele,Utah
Salt Lake City,Utah
Kanab,Utah
Cedar City,Utah
Orem,Utah
Lehi,Utah
Alta,Utah
Provo,Utah
Heber City,Utah
Saint George,Utah
Price,Utah
Bountiful,Utah
Clearfield,Utah
Monticello,Utah
Panguitch,Utah
Delta,Utah
Vernal,Utah
Ogden,Utah
Manti,Utah
Fillmore,Utah
Brigham City,Utah
Nephi,Utah
Burlington,Vermont
Plymouth,Vermont
Bennington,Vermont
Essex,Vermont
Montpelier,Vermont
Newport,Vermont
Bellows Falls,Vermont
Saint Albans,Vermont
Saint Johnsbury,Vermont
Middlebury,Vermont
Winooski,Vermont
Sharon,Vermont
Manchester,Vermont
Barre,Vermont
Rutland,Vermont
Brattleboro,Vermont
Abingdon,Virginia
Manassas,Virginia
Martinsville,Virginia
Virginia Beach,Virginia
Hanover,Virginia
Danville,Virginia
Hopewell,Virginia
Winchester,Virginia
Petersburg,Virginia
Portsmouth,Virginia
Staunton,Virginia
Charlottesville,Virginia
Fairfax,Virginia
Williamsburg,Virginia
Hampton,Virginia
Lexington,Virginia
Chesapeake,Virginia
Falls Church,Virginia
Reston,Virginia
Fredericksburg,Virginia
Lynchburg,Virginia
Alexandria,Virginia
Norfolk,Virginia
Waynesboro,Virginia
Roanoke,Virginia
Richmond,Virginia
New Market,Virginia
Newport News,Virginia
Suffolk,Virginia
Bristol,Virginia
Centralia,Washington
Walla Walla,Washington
Aberdeen,Washington
Coulee Dam,Washington
Longview,Washington
Pasco,Washington
Auburn,Washington
Puyallup,Washington
Olympia,Washington
Moses Lake,Washington
Bellingham,Washington
Tacoma,Washington
Bremerton,Washington
Hoquiam,Washington
Anacortes,Washington
Point Roberts,Washington
Ellensburg,Washington
Pullman,Washington
Redmond,Washington
Kennewick,Washington
Vancouver,Washington
Wenatchee,Washington
Renton,Washington
Bellevue,Washington
Oak Harbor,Washington
Port Angeles,Washington
Kelso,Washington
Coupeville,Washington
Ephrata,Washington
Richland,Washington
Spokane,Washington
Seattle,Washington
Everett,Washington
Yakima,Washington
Fairmont,West Virginia
Bluefield,West Virginia
Shepherdstown,West Virginia
Logan,West Virginia
Wheeling,West Virginia
Huntington,West Virginia
Morgantown,West Virginia
Martinsburg,West Virginia
Point Pleasant,West Virginia
Welch,West Virginia
Beckley,West Virginia
New Martinsville,West Virginia
Charleston,West Virginia
Hinton,West Virginia
Philippi,West Virginia
Charles Town,West Virginia
White Sulphur Springs,West Virginia
South Charleston,West Virginia
Bath,West Virginia
Buckhannon,West Virginia
Keyser,West Virginia
Harpers Ferry,West Virginia
Lewisburg,West Virginia
Weston,West Virginia
Hillsboro,West Virginia
Clarksburg,West Virginia
Parkersburg,West Virginia
Weirton,West Virginia
Princeton,West Virginia
Elkins,West Virginia
Summersville,West Virginia
Williamson,West Virginia
Grafton,West Virginia
Moundsville,West Virginia
Romney,West Virginia
Wellsburg,West Virginia
Neenah,Wisconsin
Prairie du Chien,Wisconsin
Lake Geneva,Wisconsin
Beloit,Wisconsin
Hayward,Wisconsin
Peshtigo,Wisconsin
Milwaukee,Wisconsin
Rhinelander,Wisconsin
Oconto,Wisconsin
Menasha,Wisconsin
Sheboygan,Wisconsin
Baraboo,Wisconsin
Kenosha,Wisconsin
West Allis,Wisconsin
Eau Claire,Wisconsin
Sturgeon Bay,Wisconsin
Wausau,Wisconsin
Spring Green,Wisconsin
Janesville,Wisconsin
Wauwatosa,Wisconsin
Wisconsin Dells,Wisconsin
New Glarus,Wisconsin
Superior,Wisconsin
Green Bay,Wisconsin
Marinette,Wisconsin
Belmont,Wisconsin
Stevens Point,Wisconsin
Ashland,Wisconsin
Portage,Wisconsin
Racine,Wisconsin
Fond du Lac,Wisconsin
Oshkosh,Wisconsin
Manitowoc,Wisconsin
Madison,Wisconsin
La Crosse,Wisconsin
Waukesha,Wisconsin
Appleton,Wisconsin
West Bend,Wisconsin
Ripon,Wisconsin
Rawlins,Wyoming
Lander,Wyoming
Green River,Wyoming
Ten Sleep,Wyoming
Worland,Wyoming
Laramie,Wyoming
Newcastle,Wyoming
Cheyenne,Wyoming
Jackson,Wyoming
Casper,Wyoming
Gillette,Wyoming
Douglas,Wyoming
Thermopolis,Wyoming
Cody,Wyoming
Torrington,Wyoming
Evanston,Wyoming
Powell,Wyoming
Riverton,Wyoming
Sheridan,Wyoming
Rock Springs,Wyoming
Buffalo,Wyoming
